{"cameraMode":{"drawMode":0,"name":"Shaded","section":"Shading Mode"},"sceneLighting":false,"audioPlay":false,"sceneViewState":{"showFog":true,"showMaterialUpdate":false,"showSkybox":true,"showFlares":true,"showImageEffects":true,"showParticleSystems":true},"in2DMode":false,"pivot":{"x":-3.520000457763672,"y":13.687688827514649,"z":20.3799991607666},"rotation":{"x":-0.00010339343134546652,"y":-0.9994004964828491,"z":-0.03449321910738945,"w":0.002998453564941883},"size":5.638533592224121,"orthographic":false}