{"cameraMode":{"drawMode":0,"name":"Shaded","section":"Shading Mode"},"sceneLighting":false,"audioPlay":false,"sceneViewState":{"showFog":true,"showMaterialUpdate":false,"showSkybox":true,"showFlares":true,"showImageEffects":true,"showParticleSystems":true},"in2DMode":false,"pivot":{"x":-3.6688389778137209,"y":-23.392282485961915,"z":-11.38973617553711},"rotation":{"x":0.001742899534292519,"y":0.9676400423049927,"z":-0.2522398829460144,"w":0.006686205975711346},"size":44.95246505737305,"orthographic":false}